,text_id,rouge1_precision,rouge1_recall,rouge1_fmeasure,rouge2_precision,rouge2_recall,rouge2_fmeasure,rougeL_precision,rougeL_recall,rougeL_fmeasure
count,36166.0,36166.0,36166.0,36166.0,36166.0,36166.0,36166.0,36166.0,36166.0,36166.0
mean,18082.5,0.591344535911315,0.5211026407080245,0.5088283517646508,0.507119113171283,0.4502930709454251,0.44021108772590467,0.5634622272633839,0.4971131841569148,0.4861101177790679
std,10440.369254325571,0.36118738613303036,0.37572675613776196,0.34350277307160365,0.42044862041362235,0.41318151526626523,0.3855554219370271,0.37917677505936637,0.38755448058389613,0.3575662848977711
min,0.0,0.0,0.0,0.0,0.0,0.0,0.0,0.0,0.0,0.0
25%,9041.25,0.21875,0.16666666666666666,0.17311477892186553,0.023255813953488372,0.01925733106672333,0.022068979525511866,0.15625,0.12,0.12195121951219513
50%,18082.5,0.6451612903225806,0.42105263157894735,0.49523809523809526,0.5714285714285714,0.35714285714285715,0.4552845528455284,0.6086956521739131,0.3865151515151515,0.4776119402985075
75%,27123.75,1.0,0.9615384615384616,0.8493150684931507,0.9642857142857143,0.9130434782608695,0.8155339805825244,1.0,0.9565217391304348,0.8444444444444443
max,36165.0,1.0,1.0,1.0,1.0,1.0,1.0,1.0,1.0,1.0
