,text_id,rouge1_precision,rouge1_recall,rouge1_fmeasure,rouge2_precision,rouge2_recall,rouge2_fmeasure,rougeL_precision,rougeL_recall,rougeL_fmeasure
count,36166.0,36166.0,36166.0,36166.0,36166.0,36166.0,36166.0,36166.0,36166.0,36166.0
mean,18082.5,0.5920796244940689,0.5165341011241878,0.5081680562368636,0.5070581781112591,0.44527923445013756,0.43886739548758985,0.563927626900608,0.492457996420375,0.4852374080267213
std,10440.369254325571,0.3620898551503372,0.37543017277448115,0.34485969876964506,0.4220439873039962,0.41313213303607516,0.38734187822068505,0.38038068583128026,0.38743981710609765,0.35913139220098783
min,0.0,0.0,0.0,0.0,0.0,0.0,0.0,0.0,0.0,0.0
25%,9041.25,0.21739130434782608,0.16216216216216217,0.17142857142857143,0.021739130434782608,0.01771220610567105,0.02040816326530612,0.15384615384615385,0.11904761904761904,0.12121212121212122
50%,18082.5,0.65,0.40816326530612246,0.4912280701754386,0.5789473684210527,0.3415650406504065,0.4519889357218124,0.6129032258064516,0.37037037037037035,0.474910071942446
75%,27123.75,1.0,0.96,0.8518518518518519,0.9655172413793104,0.9130434782608695,0.8181818181818182,1.0,0.9545454545454546,0.846153846153846
max,36165.0,1.0,1.0,1.0,1.0,1.0,1.0,1.0,1.0,1.0
