,text_id,rouge1_precision,rouge1_recall,rouge1_fmeasure,rouge2_precision,rouge2_recall,rouge2_fmeasure,rougeL_precision,rougeL_recall,rougeL_fmeasure
count,36166.0,36166.0,36166.0,36166.0,36166.0,36166.0,36166.0,36166.0,36166.0,36166.0
mean,18082.5,0.5914126977655074,0.5209005081554956,0.5087775390124195,0.5071782883038878,0.4501575493769288,0.440179283623315,0.5635303737409283,0.496932110827292,0.48606420348927637
std,10440.369254325571,0.36120668718730636,0.37579549580626137,0.3435623899972983,0.4204800025705697,0.4131871931885875,0.38558311727530986,0.3791940093330335,0.3876049750509339,0.35761004915035066
min,0.0,0.0,0.0,0.0,0.0,0.0,0.0,0.0,0.0,0.0
25%,9041.25,0.21875,0.1649107772960984,0.1728395061728395,0.023255813953488372,0.019230769230769232,0.02197802197802198,0.15625,0.12,0.12195121951219512
50%,18082.5,0.6451612903225806,0.4201449275362319,0.4950417280314187,0.5714285714285714,0.35714285714285715,0.4551871866024049,0.6086956521739131,0.38596491228070173,0.4776119402985075
75%,27123.75,1.0,0.9615384615384616,0.8493150684931509,0.9642857142857143,0.9130434782608695,0.8153541891405969,1.0,0.9565217391304348,0.8444444444444443
max,36165.0,1.0,1.0,1.0,1.0,1.0,1.0,1.0,1.0,1.0
