,text_id,rouge1_precision,rouge1_recall,rouge1_fmeasure,rouge2_precision,rouge2_recall,rouge2_fmeasure,rougeL_precision,rougeL_recall,rougeL_fmeasure
count,36166.0,36166.0,36166.0,36166.0,36166.0,36166.0,36166.0,36166.0,36166.0,36166.0
mean,18082.5,0.5411603848545558,0.5763213697415163,0.5019559539036795,0.46268120191921364,0.5013391681846963,0.43388001297977846,0.5127142699363424,0.5476631730264179,0.47706615442905614
std,10440.369254325571,0.3228484085274685,0.3645555792067788,0.3018693458463597,0.3690338391318005,0.40489163241321097,0.34175857238682117,0.337371736154082,0.378514476680551,0.31644655489295215
min,0.0,0.0,0.0,0.0,0.0,0.0,0.0,0.0,0.0,0.0
25%,9041.25,0.25,0.21957920128651837,0.21414584110406562,0.05714285714285714,0.05,0.04761904761904762,0.18518518518518517,0.16129032258064516,0.15
50%,18082.5,0.52,0.5714285714285714,0.5168539325842696,0.45454545454545453,0.5,0.46153846153846156,0.4878048780487805,0.5294117647058824,0.4918032786885246
75%,27123.75,0.8571428571428571,0.9736842105263158,0.7499999999999999,0.8125,0.9354838709677419,0.7179487179487181,0.84375,0.96875,0.74
max,36165.0,1.0,1.0,1.0,1.0,1.0,1.0,1.0,1.0,1.0
