,text_id,rouge1_precision,rouge1_recall,rouge1_fmeasure,rouge2_precision,rouge2_recall,rouge2_fmeasure,rougeL_precision,rougeL_recall,rougeL_fmeasure
count,36166.0,36166.0,36166.0,36166.0,36166.0,36166.0,36166.0,36166.0,36166.0,36166.0
mean,18082.5,0.5920836014288164,0.516448748732009,0.5081715383715233,0.5070548159867767,0.44517646915141307,0.43885959533995234,0.5639289329643994,0.4923575541891727,0.4852371249115678
std,10440.369254325571,0.3620842751828217,0.37541353620158285,0.34485371073015264,0.4220478126973851,0.41312221802752847,0.3873491715850605,0.38037886520118197,0.3874273247742526,0.3591305436240875
min,0.0,0.0,0.0,0.0,0.0,0.0,0.0,0.0,0.0,0.0
25%,9041.25,0.21739130434782608,0.16216216216216217,0.17142857142857143,0.021739130434782608,0.01758267349790405,0.02036921638884561,0.15384615384615385,0.11904761904761904,0.12121212121212122
50%,18082.5,0.65,0.40816326530612246,0.4912280701754386,0.5789473684210527,0.3413199426111908,0.4519889357218124,0.6129032258064516,0.37037037037037035,0.474910071942446
75%,27123.75,1.0,0.96,0.8518518518518519,0.9655172413793104,0.9130434782608695,0.8181818181818182,1.0,0.9545454545454546,0.846153846153846
max,36165.0,1.0,1.0,1.0,1.0,1.0,1.0,1.0,1.0,1.0
