,text_id,rouge1_precision,rouge1_recall,rouge1_fmeasure,rouge2_precision,rouge2_recall,rouge2_fmeasure,rougeL_precision,rougeL_recall,rougeL_fmeasure
count,36166.0,36166.0,36166.0,36166.0,36166.0,36166.0,36166.0,36166.0,36166.0,36166.0
mean,18082.5,0.5920568879486438,0.5164059759129715,0.508232566978611,0.5070208669980251,0.4450771380890593,0.43885527559357695,0.5638783334239135,0.492292088928819,0.48526676989872025
std,10440.369254325571,0.3620537083215471,0.3753411775372662,0.3448021106278339,0.422034773583711,0.4131176857839291,0.3873667903744855,0.3803737153757713,0.38738562659030656,0.359109757867928
min,0.0,0.0,0.0,0.0,0.0,0.0,0.0,0.0,0.0,0.0
25%,9041.25,0.21621621621621623,0.16216216216216217,0.17142857142857143,0.021739130434782608,0.017543859649122806,0.020202020202020204,0.15384615384615385,0.11904761904761904,0.12121212121212122
50%,18082.5,0.65,0.40816326530612246,0.4912280701754386,0.5789473684210527,0.3409090909090909,0.4525457476059543,0.6129032258064516,0.37011669203450026,0.47500000000000003
75%,27123.75,1.0,0.96,0.8518518518518519,0.9655172413793104,0.9128527841342486,0.8181818181818182,1.0,0.9545454545454546,0.846153846153846
max,36165.0,1.0,1.0,1.0,1.0,1.0,1.0,1.0,1.0,1.0
