,text_id,rouge1_precision,rouge1_recall,rouge1_fmeasure,rouge2_precision,rouge2_recall,rouge2_fmeasure,rougeL_precision,rougeL_recall,rougeL_fmeasure
count,36166.0,36166.0,36166.0,36166.0,36166.0,36166.0,36166.0,36166.0,36166.0,36166.0
mean,18082.5,0.4401897453599178,0.6185941572324469,0.4654056844182213,0.3662795738697712,0.5264007341174087,0.39265793418457606,0.41087259645344193,0.5810713098439069,0.4367999933121721
std,10440.369254325571,0.24692887642169278,0.3394419763558142,0.24975525028778492,0.2742062337081515,0.39381049109289984,0.28924560946840844,0.2573623921466752,0.36052471728874075,0.26659730750511124
min,0.0,0.0,0.0,0.0,0.0,0.0,0.0,0.0,0.0,0.0
25%,9041.25,0.21621621621621623,0.2926829268292683,0.2363636363636364,0.07894736842105263,0.0989154075091575,0.08108108108108107,0.16134041274293728,0.2149783941312431,0.16666666666666669
50%,18082.5,0.44780697738302355,0.6388888888888888,0.47787610619469023,0.38181818181818183,0.5517241379310345,0.4144144144144144,0.41379310344827586,0.59375,0.44827586206896547
75%,27123.75,0.6388888888888888,1.0,0.6753246753246753,0.5882352941176471,0.9428571428571428,0.6391752577319588,0.6216216216216216,0.9714285714285714,0.6666666666666666
max,36165.0,1.0,1.0,1.0,1.0,1.0,1.0,1.0,1.0,1.0
