,rouge1_precision,rouge1_recall,rouge1_fmeasure,rouge2_precision,rouge2_recall,rouge2_fmeasure,rougeL_precision,rougeL_recall,rougeL_fmeasure,text_id
count,36166.0,36166.0,36166.0,36166.0,36166.0,36166.0,36166.0,36166.0,36166.0,36166.0
mean,0.5708808905024813,0.5289960461368637,0.49842409210487626,0.4867322934521404,0.4580528600724599,0.4305186618330056,0.543050431972076,0.5041943339320031,0.4755970444235055,18082.5
std,0.35617841586990734,0.3780276563433716,0.3366236246623182,0.41217286833015404,0.41415263596291685,0.37676307522046026,0.372506901098021,0.389051406523955,0.34980919281128325,10440.369254325571
min,0.0,0.0,0.0,0.0,0.0,0.0,0.0,0.0,0.0,0.0
25%,0.21739130434782608,0.16216216216216217,0.17142857142857143,0.02127659574468085,0.017857142857142856,0.019801980198019802,0.15789473684210525,0.12,0.12121212121212122,9041.25
50%,0.5789473684210527,0.45,0.48695652173913045,0.5,0.38461538461538464,0.44067796610169485,0.5362318840579711,0.41379310344827586,0.4647175985204154,18082.5
75%,0.967741935483871,0.9655172413793104,0.8214285714285715,0.9454545454545454,0.92,0.7857142857142858,0.9655172413793104,0.96,0.8135593220338984,27123.75
max,1.0,1.0,1.0,1.0,1.0,1.0,1.0,1.0,1.0,36165.0
