,text_id,rouge1_precision,rouge1_recall,rouge1_fmeasure,rouge2_precision,rouge2_recall,rouge2_fmeasure,rougeL_precision,rougeL_recall,rougeL_fmeasure
count,36166.0,36166.0,36166.0,36166.0,36166.0,36166.0,36166.0,36166.0,36166.0,36166.0
mean,18082.5,0.46208406080895215,0.6061371504876777,0.478382975844844,0.38610124788187145,0.5205942608899905,0.4058950273904373,0.4323840295464314,0.5716742716738829,0.4502507678271797
std,10440.369254325571,0.2500215292590676,0.34554501158854,0.2541289286098385,0.2822083103858451,0.3955822953215843,0.2950760659712176,0.26212508923335454,0.3649274346171259,0.27140615438563503
min,0.0,0.0,0.0,0.0,0.0,0.0,0.0,0.0,0.0,0.0
25%,9041.25,0.24285714285714285,0.2727272727272727,0.24242424242424243,0.08202335504154502,0.08928571428571429,0.0784313725490196,0.18115942028985507,0.2,0.16949152542372878
50%,18082.5,0.47368421052631576,0.6153846153846154,0.5052631578947369,0.4117647058823529,0.5384615384615384,0.4415584415584416,0.4426229508196721,0.5740740740740741,0.4770642201834862
75%,27123.75,0.6551724137931034,1.0,0.6885245901639345,0.6060606060606061,0.9411764705882353,0.6557377049180326,0.64,0.9705882352941176,0.6808510638297872
max,36165.0,1.0,1.0,1.0,1.0,1.0,1.0,1.0,1.0,1.0
