,text_id,rouge1_precision,rouge1_recall,rouge1_fmeasure,rouge2_precision,rouge2_recall,rouge2_fmeasure,rougeL_precision,rougeL_recall,rougeL_fmeasure
count,36166.0,36166.0,36166.0,36166.0,36166.0,36166.0,36166.0,36166.0,36166.0,36166.0
mean,18082.5,0.5921140211137211,0.5163915859259178,0.5081765372629149,0.507072335373518,0.4450946640313558,0.4388548125238746,0.5639503764336544,0.49228597222842524,0.48523434268135446
std,10440.369254325571,0.36208606940570764,0.3753694498004812,0.3448810296688039,0.42206413322034686,0.4131093329161013,0.387382640762494,0.3803894066125752,0.3873979938954606,0.35916447883402064
min,0.0,0.0,0.0,0.0,0.0,0.0,0.0,0.0,0.0,0.0
25%,9041.25,0.21739130434782608,0.16216216216216217,0.17142857142857143,0.021739130434782608,0.01771220610567105,0.0202020202020202,0.15384615384615385,0.11904761904761904,0.12121212121212122
50%,18082.5,0.65,0.40816326530612246,0.4912280701754386,0.5789473684210527,0.34099718111346017,0.4522176097880708,0.6129032258064516,0.37037037037037035,0.475
75%,27123.75,1.0,0.96,0.8518518518518519,0.9655172413793104,0.9128527841342486,0.8181818181818182,1.0,0.9545454545454546,0.846153846153846
max,36165.0,1.0,1.0,1.0,1.0,1.0,1.0,1.0,1.0,1.0
