,text_id,rouge1_precision,rouge1_recall,rouge1_fmeasure,rouge2_precision,rouge2_recall,rouge2_fmeasure,rougeL_precision,rougeL_recall,rougeL_fmeasure
count,36166.0,36166.0,36166.0,36166.0,36166.0,36166.0,36166.0,36166.0,36166.0,36166.0
mean,18082.5,0.5419269537946706,0.5755542424570493,0.5019092549137878,0.4635305350072204,0.50072690618564,0.43393864121355574,0.5135420342056969,0.5469953834728059,0.4770917639221656
std,10440.369254325571,0.32418459485523904,0.3650460261792221,0.3027534202050114,0.37051884300787563,0.40514956146908887,0.34260243711215127,0.3387418187861021,0.3788937628285748,0.3172916247840162
min,0.0,0.0,0.0,0.0,0.0,0.0,0.0,0.0,0.0,0.0
25%,9041.25,0.25,0.21739130434782608,0.21276595744680848,0.05555555555555555,0.048880447820871656,0.04761904761904761,0.1839310344827586,0.16,0.14925373134328357
50%,18082.5,0.52,0.5714285714285714,0.5161290322580646,0.45454545454545453,0.5,0.46153846153846156,0.4878048780487805,0.5284366576819407,0.49122807017543857
75%,27123.75,0.8636363636363636,0.9736842105263158,0.75,0.8214285714285714,0.9354838709677419,0.7191011235955057,0.851063829787234,0.967741935483871,0.7407407407407407
max,36165.0,1.0,1.0,1.0,1.0,1.0,1.0,1.0,1.0,1.0
