,text_id,rouge1_precision,rouge1_recall,rouge1_fmeasure,rouge2_precision,rouge2_recall,rouge2_fmeasure,rougeL_precision,rougeL_recall,rougeL_fmeasure
count,36166.0,36166.0,36166.0,36166.0,36166.0,36166.0,36166.0,36166.0,36166.0,36166.0
mean,18082.5,0.542015081235442,0.5762147635630952,0.5019485149610818,0.4635981047003494,0.5012581407521606,0.4339791496647477,0.5136280970657924,0.5476105933868968,0.4771352412801198
std,10440.369254325571,0.32424632575105145,0.3647752687017231,0.30278832315103865,0.37060010378837754,0.4050863547553767,0.3426576385573625,0.3388113382052396,0.37869679726522404,0.3173331182938076
min,0.0,0.0,0.0,0.0,0.0,0.0,0.0,0.0,0.0,0.0
25%,9041.25,0.25,0.21875,0.21276595744680848,0.05555555555555555,0.05,0.047619047619047616,0.1839080459770115,0.16008438818565401,0.14925373134328357
50%,18082.5,0.52,0.5714285714285714,0.5161290322580645,0.45454545454545453,0.5,0.4615384615384615,0.4878048780487805,0.5294117647058824,0.4911230171236474
75%,27123.75,0.8636363636363636,0.9736842105263158,0.75,0.8214285714285714,0.9354838709677419,0.72,0.8518518518518519,0.96875,0.7407407407407408
max,36165.0,1.0,1.0,1.0,1.0,1.0,1.0,1.0,1.0,1.0
