,text_id,rouge1_precision,rouge1_recall,rouge1_fmeasure,rouge2_precision,rouge2_recall,rouge2_fmeasure,rougeL_precision,rougeL_recall,rougeL_fmeasure
count,36166.0,36166.0,36166.0,36166.0,36166.0,36166.0,36166.0,36166.0,36166.0,36166.0
mean,18082.5,0.216559197280586,0.8006380980723121,0.3160960440414018,0.1749246349381923,0.6667130458723443,0.25775798324264537,0.19727869677512178,0.7412748754458077,0.2900501184375854
std,10440.369254325571,0.14307377493486792,0.23156327415622174,0.15144207224392423,0.13750599878757847,0.35075654238548637,0.16562796491683746,0.13537974696886326,0.28344315146836135,0.15386733925926274
min,0.0,0.0,0.0,0.0,0.0,0.0,0.0,0.0,0.0,0.0
25%,9041.25,0.12234603644851423,0.6153846153846154,0.20930232558139536,0.08571428571428572,0.36,0.1440677966101695,0.10687022900763359,0.48148148148148145,0.1803921568627451
50%,18082.5,0.18478260869565216,0.92,0.30248001639680266,0.15702479338842976,0.8260869565217391,0.2559241706161137,0.17391304347826086,0.875,0.2823529411764706
75%,27123.75,0.2651022695432894,1.0,0.3980099502487562,0.22994652406417113,0.9772727272727273,0.3542857142857143,0.24812030075187969,1.0,0.3755023848619907
max,36165.0,1.0,1.0,1.0,1.0,1.0,1.0,1.0,1.0,1.0
