,text_id,rouge1_precision,rouge1_recall,rouge1_fmeasure,rouge2_precision,rouge2_recall,rouge2_fmeasure,rougeL_precision,rougeL_recall,rougeL_fmeasure
count,36166.0,36166.0,36166.0,36166.0,36166.0,36166.0,36166.0,36166.0,36166.0,36166.0
mean,18082.5,0.5421084854363358,0.5745622809691109,0.5019770753689424,0.46362476165267547,0.49956205822941446,0.4339084475258125,0.5136900609546997,0.5459579184262766,0.4771251775228765
std,10440.369254325571,0.3241496616981496,0.36508141837603003,0.3028863920483851,0.37058971001251323,0.4053226102069493,0.34282732821304585,0.33874830055163535,0.3789530163778265,0.31745757352314713
min,0.0,0.0,0.0,0.0,0.0,0.0,0.0,0.0,0.0,0.0
25%,9041.25,0.25,0.21739130434782608,0.21212121212121215,0.05555555555555555,0.047619047619047616,0.046511627906976744,0.18421052631578946,0.16,0.14814814814814817
50%,18082.5,0.52,0.5660377358490566,0.5168539325842696,0.45454545454545453,0.5,0.4615384615384616,0.48823366555924697,0.5263157894736842,0.4918032786885246
75%,27123.75,0.8636363636363636,0.972972972972973,0.75,0.8214285714285714,0.9333333333333333,0.7192982456140351,0.851063829787234,0.967741935483871,0.7407407407407407
max,36165.0,1.0,1.0,1.0,1.0,1.0,1.0,1.0,1.0,1.0
