,text_id,rouge1_precision,rouge1_recall,rouge1_fmeasure,rouge2_precision,rouge2_recall,rouge2_fmeasure,rougeL_precision,rougeL_recall,rougeL_fmeasure
count,36166.0,36166.0,36166.0,36166.0,36166.0,36166.0,36166.0,36166.0,36166.0,36166.0
mean,18082.5,0.4411137859982355,0.6171849461720245,0.4665334525321193,0.3668087875458161,0.5252720129744456,0.39337172097365525,0.41160174305616243,0.5797221281246392,0.43773788346963843
std,10440.369254325571,0.2458173787159225,0.33962873693368995,0.24870877690243864,0.27365959585820737,0.3939954226942489,0.2888358963306927,0.25650004956092465,0.3608550262765354,0.2658692958568343
min,0.0,0.0,0.0,0.0,0.0,0.0,0.0,0.0,0.0,0.0
25%,9041.25,0.21899548140424052,0.2916666666666667,0.24,0.08108108108108109,0.0967741935483871,0.08108108108108107,0.16666666666666666,0.21428571428571427,0.1690566358878346
50%,18082.5,0.44809626436781613,0.6341463414634146,0.4779874213836478,0.38095238095238093,0.5483870967741935,0.4147244805781391,0.41379310344827586,0.5897435897435898,0.44827586206896547
75%,27123.75,0.6388888888888888,1.0,0.6753246753246753,0.5882352941176471,0.9411764705882353,0.6391752577319588,0.6216216216216216,0.9714285714285714,0.6666666666666666
max,36165.0,1.0,1.0,1.0,1.0,1.0,1.0,1.0,1.0,1.0
