,text_id,rouge1_precision,rouge1_recall,rouge1_fmeasure,rouge2_precision,rouge2_recall,rouge2_fmeasure,rougeL_precision,rougeL_recall,rougeL_fmeasure
count,36166.0,36166.0,36166.0,36166.0,36166.0,36166.0,36166.0,36166.0,36166.0,36166.0
mean,18082.5,0.5920161989392883,0.516854706015536,0.5082219243433427,0.5070115866557005,0.44537188580634124,0.4388775219000144,0.5638528387779344,0.49270248418684587,0.4852698067781452
std,10440.369254325571,0.36206650329665413,0.3751432698498194,0.34478511422796176,0.4220105141772751,0.41307580430187585,0.38732041164941255,0.38037043510319857,0.3872273735757344,0.3590805028295345
min,0.0,0.0,0.0,0.0,0.0,0.0,0.0,0.0,0.0,0.0
25%,9041.25,0.21621621621621623,0.16279069767441862,0.17142857142857143,0.021739130434782608,0.01818181818181818,0.02040816326530612,0.15384615384615385,0.12,0.12121212121212122
50%,18082.5,0.65,0.4090909090909091,0.4912280701754386,0.5779513888888889,0.34248120300751883,0.45211435378201315,0.6129032258064516,0.37082869855394884,0.475
75%,27123.75,1.0,0.96,0.8518518518518519,0.9655172413793104,0.9130434782608695,0.8181818181818182,1.0,0.9545454545454546,0.846153846153846
max,36165.0,1.0,1.0,1.0,1.0,1.0,1.0,1.0,1.0,1.0
