,text_id,rouge1_precision,rouge1_recall,rouge1_fmeasure,rouge2_precision,rouge2_recall,rouge2_fmeasure,rougeL_precision,rougeL_recall,rougeL_fmeasure
count,36166.0,36166.0,36166.0,36166.0,36166.0,36166.0,36166.0,36166.0,36166.0,36166.0
mean,18082.5,0.5920565360054988,0.5163842787747626,0.508231834147505,0.5070202627643113,0.4450542458123928,0.4388540931178892,0.5638779490848647,0.4922700064358246,0.48526597926419796
std,10440.369254325571,0.3620542581519245,0.37533410985774374,0.34480308290327466,0.4220354693197507,0.41311006794758137,0.3873680060452431,0.3803742588860661,0.3873788336626927,0.3591107171802827
min,0.0,0.0,0.0,0.0,0.0,0.0,0.0,0.0,0.0,0.0
25%,9041.25,0.21621621621621623,0.16216216216216217,0.17142857142857143,0.021739130434782608,0.017543859649122806,0.020202020202020204,0.15384615384615385,0.11904761904761904,0.12121212121212122
50%,18082.5,0.65,0.40816326530612246,0.4912280701754386,0.5789473684210527,0.3409090909090909,0.4525457476059543,0.6129032258064516,0.3698630136986301,0.47500000000000003
75%,27123.75,1.0,0.96,0.8518518518518519,0.9655172413793104,0.9121517027863777,0.8181818181818182,1.0,0.9545454545454546,0.846153846153846
max,36165.0,1.0,1.0,1.0,1.0,1.0,1.0,1.0,1.0,1.0
