,text_id,rouge1_precision,rouge1_recall,rouge1_fmeasure,rouge2_precision,rouge2_recall,rouge2_fmeasure,rougeL_precision,rougeL_recall,rougeL_fmeasure
count,36166.0,36166.0,36166.0,36166.0,36166.0,36166.0,36166.0,36166.0,36166.0,36166.0
mean,18082.5,0.5921305451213542,0.516216643362903,0.5081955133718501,0.5070670469460066,0.44495554155967754,0.43884392408954725,0.5639597170107675,0.49213255194985267,0.4852451840433233
std,10440.369254325571,0.3620608274124042,0.37540042305042226,0.34485266395886366,0.42206836038278533,0.41311428703767394,0.387388340107276,0.38037419075847684,0.3874214367082764,0.3591456357237441
min,0.0,0.0,0.0,0.0,0.0,0.0,0.0,0.0,0.0,0.0
25%,9041.25,0.21684782608695652,0.16216216216216217,0.17142857142857143,0.021739130434782608,0.017543859649122806,0.0202020202020202,0.15384615384615385,0.11904761904761904,0.12121212121212122
50%,18082.5,0.65,0.4074074074074074,0.4912280701754386,0.5789473684210527,0.3405026210299106,0.4522176097880708,0.6129032258064516,0.3691791430046464,0.475
75%,27123.75,1.0,0.96,0.8518518518518519,0.9655172413793104,0.9117647058823529,0.8181818181818182,1.0,0.9545454545454546,0.846153846153846
max,36165.0,1.0,1.0,1.0,1.0,1.0,1.0,1.0,1.0,1.0
